[
    {   
        "id": "prd0001",
        "titre": "prd0001",
        "modif":196.57,
        "couleur":"rgb(205, 92, 92)"

    },
    {
        "id": "prd0002",
        "titre": "prd0001",
        "modif":196.57,
        "couleur":"rgb(205, 92, 92)"

    },
    {
        "id": "prd0003",
        "titre": "prd0001",
        "modif":196.57,
        "couleur":"rgb(205, 92, 92)"

    },
    {
        "id": "prd0004",
        "titre": "prd0001",
        "modif":196.57,
        "couleur":"rgb(205, 92, 92)"

    },
    {
        "id": "prd0005",
        "titre": "prd0001",
        "modif":196.57,
        "couleur":"rgb(205, 92, 92)"

    },
    {
        "id": "prd0006",
        "titre": "prd0002",
        "modif":196.57,
        "couleur":"rgb(205, 92, 92)"

    }
]